[
    {
        "id": "admin",
        "password": "$2y$12$Y\/9FIJhTDL09URUX\/s86n.J2MwE8ymaKdMTFfoc\/HLk7r17pQXZ.G",
        "name": "관리자",
        "email": "admin@danuri.com",
        "isAdmin": true,
        "joinDate": "2025-12-05",
        "lastLogin": null
    },
    {
        "id": "jinmi3096@gmail.com",
        "password": "jjm1969!",
        "name": "박성준",
        "email": "jinmi3096@gmail.com",
        "isAdmin": false,
        "joinDate": "2025-12-04",
        "lastLogin": "2025-12-05 22:27:42",
        "profile": {
            "interests": [
                "음악",
                "미술",
                "자연",
                "축제",
                "문화"
            ]
        }
    },
    {
        "id": "parkhyerin80",
        "password": "$2y$12$PULrwWosC16qSK8Pvqi5o.CZlQlP4CUlO.lOksPbu8CeQpwQ7MMlS",
        "name": "박혜린",
        "email": "parkhyerin80@gmail.com",
        "isAdmin": false,
        "joinDate": "2025-12-05",
        "lastLogin": "2025-12-05 22:25:20",
        "profile": {
            "bio": "",
            "location": "",
            "interests": []
        }
    }
]