[
    {
        "eventId": "daejeon-2561795",
        "author": "박성준",
        "text": "안녕",
        "timestamp": 1764916942
    },
    {
        "eventId": "daejeon-2561795",
        "author": "박성준",
        "text": "ㅎㅇ",
        "timestamp": 1764916953
    },
    {
        "eventId": "daejeon-2561795",
        "author": "박성준",
        "text": "안녕안녕",
        "timestamp": 1764916977
    },
    {
        "eventId": "daejeon-2561795",
        "author": "박성준",
        "text": "오너ㅗㅇ너ㅗㅇ",
        "timestamp": 1764917434
    },
    {
        "eventId": "daejeon-3420072",
        "author": "박성준",
        "text": "안녕하세요",
        "timestamp": 1764931000
    },
    {
        "eventId": "daejeon-3420072",
        "author": "박성준",
        "text": "안녕하세요 ㅎㅎ",
        "timestamp": 1764931064
    },
    {
        "eventId": "daejeon-3420072",
        "author": "박성준",
        "text": "반가워요",
        "timestamp": 1764931077
    },
    {
        "eventId": "daejeon-3420072",
        "author": "박성준",
        "text": "여기 좋나요?",
        "timestamp": 1764931084
    },
    {
        "eventId": "daejeon-3420072",
        "userId": null,
        "author": "박성준",
        "text": "네",
        "timestamp": 1764931624
    },
    {
        "eventId": "daejeon-3420072",
        "userId": null,
        "author": "박성준",
        "text": "좋은 것 같은데요?",
        "timestamp": 1764931632
    },
    {
        "eventId": "daejeon-3420072",
        "userId": null,
        "author": "박성준",
        "text": "아하 그렇군요",
        "timestamp": 1764931640
    },
    {
        "eventId": "daejeon-3420072",
        "userId": null,
        "author": "박성준",
        "text": "에",
        "timestamp": 1764931889
    },
    {
        "eventId": "daejeon-3420072",
        "userId": null,
        "author": "박성준",
        "text": "안녕하세요",
        "timestamp": 1764931895
    },
    {
        "eventId": "daejeon-3420072",
        "userId": null,
        "author": "박성준",
        "text": "안녕",
        "timestamp": 1764932029
    },
    {
        "eventId": "daejeon-3420072",
        "userId": null,
        "author": "박성준",
        "text": "안녕하세요",
        "timestamp": 1764932489
    },
    {
        "eventId": "daejeon-3420072",
        "userId": null,
        "author": "박성준",
        "text": "하이요",
        "timestamp": 1764932497
    },
    {
        "eventId": "daejeon-3420072",
        "userId": null,
        "author": "박성준",
        "text": "왜 안와",
        "timestamp": 1764932509
    },
    {
        "eventId": "daejeon-3420072",
        "userId": null,
        "author": "박성준",
        "text": "안녕",
        "timestamp": 1764932518
    },
    {
        "eventId": "daejeon-3420072",
        "userId": null,
        "author": "박성준",
        "text": "하세요",
        "timestamp": 1764932519
    },
    {
        "eventId": "daejeon-3420072",
        "userId": null,
        "author": "박성준",
        "text": "네 안녕하세요 반가워요",
        "timestamp": 1764932527
    },
    {
        "eventId": "daejeon-3420072",
        "userId": null,
        "author": "박성준",
        "text": "ㅎㅇㅎㅇ",
        "timestamp": 1764932896
    },
    {
        "eventId": "daejeon-3420072",
        "userId": null,
        "author": "박성준",
        "text": "ㅎㅇ",
        "timestamp": 1764932898
    },
    {
        "eventId": "daejeon-3420072",
        "userId": null,
        "author": "박성준",
        "text": "네",
        "timestamp": 1764932908
    },
    {
        "eventId": "daejeon-3420072",
        "userId": null,
        "author": "박성준",
        "text": "안녕하세요",
        "timestamp": 1764932911
    },
    {
        "eventId": "daejeon-3420072",
        "userId": null,
        "author": "박성준",
        "text": "네 반가워요",
        "timestamp": 1764934266
    },
    {
        "eventId": "daejeon-3420072",
        "userId": null,
        "author": "박성준",
        "text": "넹 ㅎㅎ",
        "timestamp": 1764934276
    },
    {
        "eventId": "daejeon-3420072",
        "userId": null,
        "author": "박성준",
        "text": "어..",
        "timestamp": 1764934287
    },
    {
        "eventId": "daejeon-3420072",
        "userId": null,
        "author": "박성준",
        "text": "그게 왜 너로 나오냐",
        "timestamp": 1764934293
    },
    {
        "eventId": "daejeon-3420072",
        "userId": null,
        "author": "박성준",
        "text": "야 임마!!",
        "timestamp": 1764934298
    },
    {
        "eventId": "daejeon-2915307",
        "userId": null,
        "author": "박혜린",
        "text": "여기 가보고 싶다",
        "timestamp": 1764941046
    },
    {
        "eventId": "daejeon-2915307",
        "userId": null,
        "author": "박성준",
        "text": "인정",
        "timestamp": 1764941098
    },
    {
        "eventId": "daejeon-2915307",
        "userId": null,
        "author": "박성준",
        "text": "ㅋㅋㅋㅋ",
        "timestamp": 1764941102
    },
    {
        "eventId": "daejeon-2915307",
        "userId": null,
        "author": "박혜린",
        "text": "ㅇ??",
        "timestamp": 1764941141
    },
    {
        "eventId": "daejeon-2915307",
        "userId": null,
        "author": "박혜린",
        "text": "아니이거 왜이래",
        "timestamp": 1764941148
    },
    {
        "eventId": "daejeon-2915307",
        "userId": null,
        "author": "박성준",
        "text": "그러게",
        "timestamp": 1764941281
    },
    {
        "eventId": "daejeon-2915307",
        "userId": null,
        "author": "박혜린",
        "text": "테스트",
        "timestamp": 1764941291
    },
    {
        "eventId": "daejeon-2915307",
        "userId": "parkhyerin80",
        "author": "박혜린",
        "text": "ㅎㅇ",
        "timestamp": 1764941805
    },
    {
        "eventId": "daejeon-2915307",
        "userId": "jinmi3096@gmail.com",
        "author": "박성준",
        "text": "어 안녕",
        "timestamp": 1764941816
    },
    {
        "eventId": "daejeon-2915307",
        "userId": "jinmi3096@gmail.com",
        "author": "박성준",
        "text": "뭐해?",
        "timestamp": 1764941831
    },
    {
        "eventId": "daejeon-2915307",
        "userId": "parkhyerin80",
        "author": "박혜린",
        "text": "나?",
        "timestamp": 1764941845
    },
    {
        "eventId": "daejeon-2915307",
        "userId": "jinmi3096@gmail.com",
        "author": "박성준",
        "text": "ㅇㅇ 너",
        "timestamp": 1764941860
    },
    {
        "eventId": "daejeon-2915307",
        "userId": "parkhyerin80",
        "author": "박혜린",
        "text": "나 여기 축제 가보려고!",
        "timestamp": 1764941871
    },
    {
        "eventId": "daejeon-2915307",
        "userId": "jinmi3096@gmail.com",
        "author": "박성준",
        "text": "어 진짜로?",
        "timestamp": 1764941880
    },
    {
        "eventId": "daejeon-2915307",
        "userId": "jinmi3096@gmail.com",
        "author": "박성준",
        "text": "나도 가려했는데?",
        "timestamp": 1764941886
    },
    {
        "eventId": "daejeon-2915307",
        "userId": "jinmi3096@gmail.com",
        "author": "박성준",
        "text": "언제?",
        "timestamp": 1764941888
    },
    {
        "eventId": "daejeon-2915307",
        "userId": "jinmi3096@gmail.com",
        "author": "박성준",
        "text": "내일?",
        "timestamp": 1764941892
    },
    {
        "eventId": "daejeon-2915307",
        "userId": "parkhyerin80",
        "author": "박혜린",
        "text": "몰라 아마 일요일에 갈걸?",
        "timestamp": 1764941905
    },
    {
        "eventId": "daejeon-2915307",
        "userId": "parkhyerin80",
        "author": "박혜린",
        "text": "나 토요일까지는",
        "timestamp": 1764941909
    },
    {
        "eventId": "daejeon-2915307",
        "userId": "parkhyerin80",
        "author": "박혜린",
        "text": "본가에 있을거라",
        "timestamp": 1764941913
    },
    {
        "eventId": "daejeon-2915307",
        "userId": "parkhyerin80",
        "author": "박혜린",
        "text": "일요일에 대전 내려갈거라서",
        "timestamp": 1764941919
    },
    {
        "eventId": "daejeon-2915307",
        "userId": "parkhyerin80",
        "author": "박혜린",
        "text": "아마 짧게만 있을거 같아",
        "timestamp": 1764941923
    }
]